id;name;link;description;Category;youtube_id
1;Dawn in Navia, Spain;https://www.youtube.com/embed/E-DF8t2FWyM;Dawn in Navia, Spain;Sky;E-DF8t2FWyM
2;Timelapse of clouds and sea over Navia, Spain;https://www.youtube.com/embed/VRSE0TqX8Aw;Timelapse of clouds and sea over Navia, Spain;Sky;VRSE0TqX8Aw
3;Twilight and Venus in Navia, Spain;https://www.youtube.com/embed/KbMHWGw30LU;Twilight and Venus in Navia, Spain;Sky;KbMHWGw30LU
4;Tree silhouette twilight sky;https://www.youtube.com/embed/fhfiK4O2cEI;Tree silhouette twilight sky;Sky;fhfiK4O2cEI
5;Orion Timelapse with iPhone;https://www.youtube.com/embed/O89ORecuysc;Orion Timelapse with iPhone;Astronomy;O89ORecuysc
6;Fertige Windrad beginnt zu arbeiten 1;https://www.youtube.com/embed/ebmiwRAZnyw;Fertige Windrad beginnt zu arbeiten 1;Windmills;ebmiwRAZnyw
7;Fertige Windrad beginnt zu arbeiten;https://www.youtube.com/embed/iuhDTIHkOMY;Fertige Windrad beginnt zu arbeiten;Windmills;iuhDTIHkOMY
8;Mountain rescue in the Dolomites;https://www.youtube.com/embed/mCIL4cGWYac;Mountain rescue in the Dolomites;Mountains;mCIL4cGWYac
9;Sun behind windmill;https://www.youtube.com/embed/mFH_WlLJIk8;Sun behind windmill;Windmills;mFH_WlLJIk8
10;Close up of ice in sunlight;https://www.youtube.com/embed/8_ksQEJ5mF8;Close up of ice in sunlight;Nature;8_ksQEJ5mF8
11;Belle Windpark. Der dritte Flügel der vierte Windrad;https://www.youtube.com/embed/8RTv4mxAwXE;Belle Windpark. Der dritte Flügel der vierte Windrad;Windmills;8RTv4mxAwXE
12;Windpark Belle.  Die Rotornabe am vierten Windrad;https://www.youtube.com/embed/vkBTxpVnFrU;Windpark Belle.  Die Rotornabe am vierten Windrad;Windmills;vkBTxpVnFrU
13;Belle Windpark. Der erste Flügel der vierte Windrad;https://www.youtube.com/embed/biuKkYDLfwY;Belle Windpark. Der erste Flügel der vierte Windrad;Windmills;biuKkYDLfwY
14;Moonrise behind tree covered hill;https://www.youtube.com/embed/cZq6DyBw8s8;Moonrise behind tree covered hill;Astronomy;cZq6DyBw8s8
15;Moonrise over factory;https://www.youtube.com/embed/vD1YozZfqIE;Moonrise over factory;Astronomy;vD1YozZfqIE
16;Cleaning sponge on knife;https://www.youtube.com/embed/HHQRy5Y3Ei4;Cleaning sponge on knife;Close Up;HHQRy5Y3Ei4
17;Das dritte stück der sechsten Windrad im Belle Windpark;https://www.youtube.com/embed/CAGsq-VKR2M;Das dritte stück der sechsten Windrad im Belle Windpark;Windmills;CAGsq-VKR2M
18;Windmill Rotation 1;https://www.youtube.com/embed/IE1Wz7ftsEI;Windmill Rotation 1;Windmills;IE1Wz7ftsEI
19;Windmill Rotation;https://www.youtube.com/embed/I52Djo5lnVU;Windmill Rotation;Windmills;I52Djo5lnVU
20;Sunrise Timelapse in Belle from Drone;https://www.youtube.com/embed/J_xIoGNLceU;Sunrise Timelapse in Belle from Drone;Sky;J_xIoGNLceU
21;River Boyne Time Lapse;https://www.youtube.com/embed/tjuhwZLRvxg;River Boyne Time Lapse;Sky;tjuhwZLRvxg
22;Sonnenuntergang in Belle über der Velmerstot;https://www.youtube.com/embed/3waZkV7iT44;Sonnenuntergang in Belle über der Velmerstot;Sky;3waZkV7iT44
23;Sonnenaufgang in Belle mit den Windrädern;https://www.youtube.com/embed/po5JZHggEG8;Sonnenaufgang in Belle mit den Windrädern;Sky;po5JZHggEG8
24;Ein weiteres Maschinenhaus wird errichtet;https://www.youtube.com/embed/VQPCnaF6COM;Ein weiteres Maschinenhaus wird errichtet;Windmills;VQPCnaF6COM
25;Aufbau des Kletterkrans;https://www.youtube.com/embed/yUMdpTxUenA;Aufbau des Kletterkrans;Windmills;yUMdpTxUenA
26;Anbringen des oberen Teils des Oberteils;https://www.youtube.com/embed/qfysWWHBoXo;Anbringen des oberen Teils des Oberteils;Windmills;qfysWWHBoXo
27;Deer seen from a drone;https://www.youtube.com/embed/nVQbJv7Aza0;Deer seen from a drone;Nature;nVQbJv7Aza0
28;Woodpecker;https://www.youtube.com/embed/_JSuw097e0k;Woodpecker;Nature;_JSuw097e0k
29;Ein großer Kran;https://www.youtube.com/embed/JnbjOtnV1TA;Ein großer Kran;Windmills;JnbjOtnV1TA
30;Noch ein Flügel;https://www.youtube.com/embed/9iN5qtyUFXs;Noch ein Flügel;Windmills;9iN5qtyUFXs
31;Øresund Bridge/The Bridge;https://www.youtube.com/embed/K_-6tjPj9PI;Øresund Bridge/The Bridge;Car;K_-6tjPj9PI
32;Das nächste Windrad kriegt den ersten Flügel;https://www.youtube.com/embed/rTQHvkP4CnI;Das nächste Windrad kriegt den ersten Flügel;Windmills;rTQHvkP4CnI
33;Slowmo bubble;https://www.youtube.com/embed/ab3wQ-u2z-4;Slowmo bubble;Slow Motion;ab3wQ-u2z-4
34;Slow Motion Fire;https://www.youtube.com/embed/K15om5gS4Zc;Slow Motion Fire;Slow Motion;K15om5gS4Zc
35;Another Timelapse sunset in Portugal;https://www.youtube.com/embed/em988uj21lc;Another Timelapse sunset in Portugal;Sky;em988uj21lc
36;Sunset Timelapse in Portugal with Sahara Sand in the air;https://www.youtube.com/embed/GB4KynxEamM;Sunset Timelapse in Portugal with Sahara Sand in the air;Sky;GB4KynxEamM
37;Sunset at Nazaré, Portugal;https://www.youtube.com/embed/PWOJsXfdzbs;Sunset at Nazaré, Portugal;Sky;PWOJsXfdzbs
38;Anbringen des zweiten Flügels im Dunkeln;https://www.youtube.com/embed/V7QRUiy46C4;Anbringen des zweiten Flügels im Dunkeln;Windmills;V7QRUiy46C4
39;Windradflügel in die Wolken;https://www.youtube.com/embed/R8FRFNYsjsw;Windradflügel in die Wolken;Windmills;R8FRFNYsjsw
40;Hinzufügen eines weiteren Stücks an der Oberseite der Windrads;https://www.youtube.com/embed/iLss3Fo2BOc;Hinzufügen eines weiteren Stücks an der Oberseite der Windrads;Windmills;iLss3Fo2BOc
41;Cable car disappears into cloud coming down from the Zugspitze;https://www.youtube.com/embed/4tepiczULQI;Cable car disappears into cloud coming down from the Zugspitze;Mountains;4tepiczULQI
42;Konstruktion eines Windrads: Maschinenraum;https://www.youtube.com/embed/8iXZ74bAyVg;Konstruktion eines Windrads: Maschinenraum;Windmills;8iXZ74bAyVg
43;Konstruktion eines Windrads: Oberteil;https://www.youtube.com/embed/7GnUh3x1kXM;Konstruktion eines Windrads: Oberteil;Windmills;7GnUh3x1kXM
44;Sonnenuntergang in Belle, Deutschland;https://www.youtube.com/embed/vlUc23v54eA;Sonnenuntergang in Belle, Deutschland;Sky;vlUc23v54eA
45;Sunset in Portugal;https://www.youtube.com/embed/EQCxzI6WW4c;Sunset in Portugal;Sky;EQCxzI6WW4c
46;Sunset in Tenerife 2;https://www.youtube.com/embed/F7-ZBIW0FjA;Sunset in Tenerife 2;Sky;F7-ZBIW0FjA
47;Waves in Punta del Hidalgo, Tenerife;https://www.youtube.com/embed/MbaKsEdVzoA;Waves in Punta del Hidalgo, Tenerife;Nature;MbaKsEdVzoA
48;Sunset in Tenerife;https://www.youtube.com/embed/kL1FOPcLk4w;Sunset in Tenerife;Sky;kL1FOPcLk4w
49;Sonnenaufgang in Belle;https://www.youtube.com/embed/B-DG1SfdJoI;Sonnenaufgang in Belle;Sky;B-DG1SfdJoI
50;Flügel verbinden;https://www.youtube.com/embed/2H_jbcEEvVQ;Flügel verbinden;Windmills;2H_jbcEEvVQ
51;Starling murmuration over Bingen, Germany;https://www.youtube.com/embed/qxYVl5stA2U;Starling murmuration over Bingen, Germany;Nature;qxYVl5stA2U
52;Cloud Timelapse;https://www.youtube.com/embed/znKK3mGMQPw;Cloud Timelapse;Sky;znKK3mGMQPw
53;Cloud Timelapse over Burg Trifels;https://www.youtube.com/embed/g1zoCMCases;Cloud Timelapse over Burg Trifels;Sky;g1zoCMCases
54; A hare, fox cubs and a deer in the late evening ;https://www.youtube.com/embed/kkXn54ZAmw8; A hare, fox cubs and a deer in the late evening ;Nature;kkXn54ZAmw8
55; Cloud before thunderstorm Timelapse ;https://www.youtube.com/embed/G3QhYUPSlBE; Cloud before thunderstorm Timelapse ;Sky;G3QhYUPSlBE
56;Sun in fog with sunspots;https://www.youtube.com/embed/wrIN8WbUF2g;Sun in fog with sunspots;Astronomy;wrIN8WbUF2g
57; Close up of ice in sunlight ;https://www.youtube.com/embed/8_ksQEJ5mF8; Close up of ice in sunlight ;Close Up;8_ksQEJ5mF8
58; Windmill construction attaching last wind vane on the last windmill ;https://www.youtube.com/embed/Lt-Wr2we2Wk; Windmill construction attaching last wind vane on the last windmill ;Windmills;Lt-Wr2we2Wk
59; Timelapse drive in snow ;https://www.youtube.com/embed/b-SJImjBaPM; Timelapse drive in snow ;Car;b-SJImjBaPM